universe,event_date,categories,event_records,event_incidents,control_days,control_mean_incidents,paired_difference
CCC-recorded NYC political crowd days,2017-01-04,Political crowd day,1,2,2,2.0,0.0
CCC-recorded NYC political crowd days,2017-01-11,Political crowd day,1,1,2,2.0,-1.0
CCC-recorded NYC political crowd days,2017-01-15,Political crowd day,1,4,3,3.3333333333333335,0.6666666666666665
CCC-recorded NYC political crowd days,2017-01-16,Political crowd day,1,3,5,1.0,2.0
CCC-recorded NYC political crowd days,2017-01-17,Political crowd day,1,2,4,1.75,0.25
CCC-recorded NYC political crowd days,2017-01-19,Political crowd day,1,0,5,1.0,-1.0
CCC-recorded NYC political crowd days,2017-01-20,Political crowd day,1,1,3,2.0,-1.0
CCC-recorded NYC political crowd days,2017-01-21,Political crowd day,1,4,2,0.5,3.5
CCC-recorded NYC political crowd days,2017-01-28,Political crowd day,1,2,3,0.6666666666666666,1.3333333333333335
CCC-recorded NYC political crowd days,2017-01-29,Political crowd day,1,2,4,2.5,-0.5
CCC-recorded NYC political crowd days,2017-02-01,Political crowd day,1,1,5,2.4,-1.4
CCC-recorded NYC political crowd days,2017-02-02,Political crowd day,1,1,6,1.0,0.0
CCC-recorded NYC political crowd days,2017-02-03,Political crowd day,1,3,5,1.6,1.4
CCC-recorded NYC political crowd days,2017-02-04,Political crowd day,1,1,3,0.6666666666666666,0.33333333333333337
CCC-recorded NYC political crowd days,2017-02-05,Political crowd day,1,2,4,0.75,1.25
CCC-recorded NYC political crowd days,2017-02-06,Political crowd day,1,1,6,0.8333333333333334,0.16666666666666663
CCC-recorded NYC political crowd days,2017-02-07,Political crowd day,1,0,6,0.8333333333333334,-0.8333333333333334
CCC-recorded NYC political crowd days,2017-02-08,Political crowd day,1,6,5,2.4,3.6
CCC-recorded NYC political crowd days,2017-02-10,Political crowd day,1,0,4,1.75,-1.75
CCC-recorded NYC political crowd days,2017-02-11,Political crowd day,1,2,2,1.0,1.0
CCC-recorded NYC political crowd days,2017-02-12,Political crowd day,1,0,4,1.25,-1.25
CCC-recorded NYC political crowd days,2017-02-14,Political crowd day,1,0,6,1.1666666666666667,-1.1666666666666667
CCC-recorded NYC political crowd days,2017-02-17,Political crowd day,1,1,3,2.0,-1.0
CCC-recorded NYC political crowd days,2017-02-18,Political crowd day,1,1,2,1.5,-0.5
CCC-recorded NYC political crowd days,2017-02-19,Political crowd day,1,4,4,1.25,2.75
CCC-recorded NYC political crowd days,2017-02-20,Political crowd day,1,5,6,1.0,4.0
CCC-recorded NYC political crowd days,2017-02-23,Political crowd day,1,1,7,1.0,0.0
CCC-recorded NYC political crowd days,2017-03-04,Political crowd day,1,2,4,1.75,0.25
CCC-recorded NYC political crowd days,2017-03-08,Political crowd day,1,5,6,2.0,3.0
CCC-recorded NYC political crowd days,2017-03-10,Political crowd day,1,1,3,1.0,0.0
CCC-recorded NYC political crowd days,2017-03-11,Political crowd day,1,1,4,1.75,-0.75
CCC-recorded NYC political crowd days,2017-03-17,Political crowd day,1,2,4,1.0,1.0
CCC-recorded NYC political crowd days,2017-03-19,Political crowd day,1,1,5,1.4,-0.3999999999999999
CCC-recorded NYC political crowd days,2017-03-20,Political crowd day,1,1,5,2.2,-1.2000000000000002
CCC-recorded NYC political crowd days,2017-03-22,Political crowd day,1,2,6,1.3333333333333333,0.6666666666666667
CCC-recorded NYC political crowd days,2017-03-24,Political crowd day,1,2,4,1.0,1.0
CCC-recorded NYC political crowd days,2017-03-26,Political crowd day,1,2,6,1.1666666666666667,0.8333333333333333
CCC-recorded NYC political crowd days,2017-03-27,Political crowd day,1,1,6,2.5,-1.5
CCC-recorded NYC political crowd days,2017-03-28,Political crowd day,1,2,6,1.6666666666666667,0.33333333333333326
CCC-recorded NYC political crowd days,2017-04-03,Political crowd day,1,3,5,2.6,0.3999999999999999
CCC-recorded NYC political crowd days,2017-04-04,Political crowd day,1,4,6,2.0,2.0
CCC-recorded NYC political crowd days,2017-04-07,Political crowd day,1,0,3,2.6666666666666665,-2.6666666666666665
CCC-recorded NYC political crowd days,2017-04-08,Political crowd day,1,3,3,2.0,1.0
CCC-recorded NYC political crowd days,2017-04-12,Political crowd day,1,0,7,1.1428571428571428,-1.1428571428571428
CCC-recorded NYC political crowd days,2017-04-13,Political crowd day,1,1,6,1.1666666666666667,-0.16666666666666674
CCC-recorded NYC political crowd days,2017-04-15,Political crowd day,1,3,4,1.75,1.25
CCC-recorded NYC political crowd days,2017-04-16,Political crowd day,1,7,5,2.4,4.6
CCC-recorded NYC political crowd days,2017-04-18,Political crowd day,1,3,5,2.0,1.0
CCC-recorded NYC political crowd days,2017-04-20,Political crowd day,1,2,6,1.3333333333333333,0.6666666666666667
CCC-recorded NYC political crowd days,2017-04-21,Political crowd day,1,0,4,2.25,-2.25
CCC-recorded NYC political crowd days,2017-04-22,Political crowd day,1,3,3,1.6666666666666667,1.3333333333333333
CCC-recorded NYC political crowd days,2017-04-29,Political crowd day,1,3,3,4.333333333333333,-1.333333333333333
CCC-recorded NYC political crowd days,2017-04-30,Political crowd day,1,2,7,2.4285714285714284,-0.4285714285714284
CCC-recorded NYC political crowd days,2017-05-01,Political crowd day,1,4,7,2.4285714285714284,1.5714285714285716
CCC-recorded NYC political crowd days,2017-05-04,Political crowd day,1,0,4,2.0,-2.0
CCC-recorded NYC political crowd days,2017-05-05,Political crowd day,1,0,4,3.0,-3.0
CCC-recorded NYC political crowd days,2017-05-06,Political crowd day,1,1,2,5.5,-4.5
CCC-recorded NYC political crowd days,2017-05-09,Political crowd day,1,1,7,1.4285714285714286,-0.4285714285714286
CCC-recorded NYC political crowd days,2017-05-19,Political crowd day,1,3,3,3.6666666666666665,-0.6666666666666665
CCC-recorded NYC political crowd days,2017-05-20,Political crowd day,1,2,2,5.5,-3.5
CCC-recorded NYC political crowd days,2017-05-24,Political crowd day,1,3,5,1.8,1.2
CCC-recorded NYC political crowd days,2017-05-25,Political crowd day,1,2,5,2.2,-0.20000000000000018
CCC-recorded NYC political crowd days,2017-06-01,Political crowd day,1,3,5,1.8,1.2
CCC-recorded NYC political crowd days,2017-06-02,Political crowd day,1,2,4,3.25,-1.25
CCC-recorded NYC political crowd days,2017-06-03,Political crowd day,1,4,4,6.0,-2.0
CCC-recorded NYC political crowd days,2017-06-04,Political crowd day,1,3,6,3.5,-0.5
CCC-recorded NYC political crowd days,2017-06-07,Political crowd day,1,2,4,3.0,-1.0
CCC-recorded NYC political crowd days,2017-06-09,Political crowd day,1,4,4,3.25,0.75
CCC-recorded NYC political crowd days,2017-06-10,Political crowd day,1,2,5,4.8,-2.8
CCC-recorded NYC political crowd days,2017-06-12,Political crowd day,1,0,8,1.5,-1.5
CCC-recorded NYC political crowd days,2017-06-14,Political crowd day,1,2,4,3.0,-1.0
CCC-recorded NYC political crowd days,2017-06-15,Political crowd day,1,0,5,2.2,-2.2
CCC-recorded NYC political crowd days,2017-06-16,Political crowd day,1,4,3,4.0,0.0
CCC-recorded NYC political crowd days,2017-06-17,Political crowd day,1,5,4,5.75,-0.75
CCC-recorded NYC political crowd days,2017-06-20,Political crowd day,1,2,5,1.0,1.0
CCC-recorded NYC political crowd days,2017-06-21,Political crowd day,1,4,4,3.75,0.25
CCC-recorded NYC political crowd days,2017-06-25,Political crowd day,1,4,6,4.166666666666667,-0.16666666666666696
CCC-recorded NYC political crowd days,2017-06-28,Political crowd day,1,1,4,3.75,-2.75
CCC-recorded NYC political crowd days,2017-07-02,Political crowd day,1,4,6,4.0,0.0
CCC-recorded NYC political crowd days,2017-07-04,Political crowd day,1,2,4,1.5,0.5
CCC-recorded NYC political crowd days,2017-07-06,Political crowd day,1,0,6,2.3333333333333335,-2.3333333333333335
CCC-recorded NYC political crowd days,2017-07-07,Political crowd day,1,4,4,3.5,0.5
CCC-recorded NYC political crowd days,2017-07-11,Political crowd day,1,2,3,1.6666666666666667,0.33333333333333326
CCC-recorded NYC political crowd days,2017-07-14,Political crowd day,1,4,5,2.8,1.2000000000000002
CCC-recorded NYC political crowd days,2017-07-15,Political crowd day,1,1,6,3.1666666666666665,-2.1666666666666665
CCC-recorded NYC political crowd days,2017-07-17,Political crowd day,1,2,6,1.6666666666666667,0.33333333333333326
CCC-recorded NYC political crowd days,2017-07-18,Political crowd day,1,1,2,1.5,-0.5
CCC-recorded NYC political crowd days,2017-07-26,Political crowd day,1,1,5,2.6,-1.6
CCC-recorded NYC political crowd days,2017-07-27,Political crowd day,1,2,5,2.4,-0.3999999999999999
CCC-recorded NYC political crowd days,2017-08-01,Political crowd day,1,1,2,3.0,-2.0
CCC-recorded NYC political crowd days,2017-08-02,Political crowd day,1,1,5,2.6,-1.6
CCC-recorded NYC political crowd days,2017-08-04,Political crowd day,1,5,4,1.75,3.25
CCC-recorded NYC political crowd days,2017-08-07,Political crowd day,1,2,4,2.0,0.0
CCC-recorded NYC political crowd days,2017-08-08,Political crowd day,1,2,2,3.0,-1.0
CCC-recorded NYC political crowd days,2017-08-10,Political crowd day,1,3,6,2.1666666666666665,0.8333333333333335
CCC-recorded NYC political crowd days,2017-08-12,Political crowd day,1,1,4,1.75,-0.75
CCC-recorded NYC political crowd days,2017-08-13,Political crowd day,1,2,7,4.714285714285714,-2.7142857142857144
CCC-recorded NYC political crowd days,2017-08-14,Political crowd day,1,4,3,2.3333333333333335,1.6666666666666665
CCC-recorded NYC political crowd days,2017-08-15,Political crowd day,1,4,3,2.0,2.0
CCC-recorded NYC political crowd days,2017-08-18,Political crowd day,1,7,6,1.5,5.5
CCC-recorded NYC political crowd days,2017-08-19,Political crowd day,1,3,4,1.75,1.25
CCC-recorded NYC political crowd days,2017-08-23,Political crowd day,1,0,5,1.6,-1.6
CCC-recorded NYC political crowd days,2017-08-24,Political crowd day,1,2,6,1.8333333333333333,0.16666666666666674
CCC-recorded NYC political crowd days,2017-08-25,Political crowd day,1,2,6,1.1666666666666667,0.8333333333333333
CCC-recorded NYC political crowd days,2017-08-26,Political crowd day,1,2,4,1.5,0.5
CCC-recorded NYC political crowd days,2017-08-27,Political crowd day,1,4,7,4.857142857142857,-0.8571428571428568
CCC-recorded NYC political crowd days,2017-08-28,Political crowd day,1,1,2,3.0,-2.0
CCC-recorded NYC political crowd days,2017-08-29,Political crowd day,1,2,3,2.6666666666666665,-0.6666666666666665
CCC-recorded NYC political crowd days,2017-08-30,Political crowd day,1,4,6,1.5,2.5
CCC-recorded NYC political crowd days,2017-09-04,Political crowd day,1,6,1,4.0,2.0
CCC-recorded NYC political crowd days,2017-09-05,Political crowd day,1,7,4,2.25,4.75
CCC-recorded NYC political crowd days,2017-09-09,Political crowd day,1,5,3,1.0,4.0
CCC-recorded NYC political crowd days,2017-09-11,Political crowd day,1,3,1,4.0,-1.0
CCC-recorded NYC political crowd days,2017-09-16,Political crowd day,1,5,4,1.25,3.75
CCC-recorded NYC political crowd days,2017-09-18,Political crowd day,1,0,1,4.0,-4.0
CCC-recorded NYC political crowd days,2017-09-19,Political crowd day,1,0,5,3.0,-3.0
CCC-recorded NYC political crowd days,2017-10-01,Political crowd day,1,2,7,3.2857142857142856,-1.2857142857142856
CCC-recorded NYC political crowd days,2017-10-02,Political crowd day,1,0,1,0.0,0.0
CCC-recorded NYC political crowd days,2017-10-04,Political crowd day,1,2,6,2.1666666666666665,-0.16666666666666652
CCC-recorded NYC political crowd days,2017-10-05,Political crowd day,1,3,5,1.4,1.6
CCC-recorded NYC political crowd days,2017-10-06,Political crowd day,1,2,7,2.7142857142857144,-0.7142857142857144
CCC-recorded NYC political crowd days,2017-10-07,Political crowd day,1,1,4,1.5,-0.5
CCC-recorded NYC political crowd days,2017-10-09,Political crowd day,1,2,1,0.0,2.0
CCC-recorded NYC political crowd days,2017-10-11,Political crowd day,1,1,5,2.4,-1.4
CCC-recorded NYC political crowd days,2017-10-12,Political crowd day,1,5,4,1.0,4.0
CCC-recorded NYC political crowd days,2017-10-15,Political crowd day,1,6,5,2.8,3.2
CCC-recorded NYC political crowd days,2017-10-16,Political crowd day,1,1,1,0.0,1.0
CCC-recorded NYC political crowd days,2017-10-17,Political crowd day,1,2,4,3.5,-1.5
CCC-recorded NYC political crowd days,2017-10-19,Political crowd day,1,3,3,1.0,2.0
CCC-recorded NYC political crowd days,2017-10-23,Political crowd day,1,4,1,0.0,4.0
CCC-recorded NYC political crowd days,2017-10-28,Political crowd day,1,2,4,2.5,-0.5
CCC-recorded NYC political crowd days,2017-10-31,Political crowd day,1,2,3,3.0,-1.0
CCC-recorded NYC political crowd days,2017-11-01,Political crowd day,1,2,2,3.5,-1.5
CCC-recorded NYC political crowd days,2017-11-02,Political crowd day,1,0,1,0.0,0.0
CCC-recorded NYC political crowd days,2017-11-03,Political crowd day,1,5,6,2.0,3.0
CCC-recorded NYC political crowd days,2017-11-04,Political crowd day,1,4,3,3.0,1.0
CCC-recorded NYC political crowd days,2017-11-05,Political crowd day,1,1,4,1.5,-0.5
CCC-recorded NYC political crowd days,2017-11-06,Political crowd day,1,1,2,1.0,0.0
CCC-recorded NYC political crowd days,2017-11-07,Political crowd day,1,2,2,4.0,-2.0
CCC-recorded NYC political crowd days,2017-11-08,Political crowd day,1,1,2,3.5,-2.5
CCC-recorded NYC political crowd days,2017-11-09,Political crowd day,1,0,1,0.0,0.0
CCC-recorded NYC political crowd days,2017-11-12,Political crowd day,1,2,3,1.6666666666666667,0.33333333333333326
CCC-recorded NYC political crowd days,2017-11-13,Political crowd day,1,0,2,1.0,-1.0
CCC-recorded NYC political crowd days,2017-11-14,Political crowd day,1,1,1,2.0,-1.0
CCC-recorded NYC political crowd days,2017-11-15,Political crowd day,1,0,2,3.5,-3.5
CCC-recorded NYC political crowd days,2017-11-16,Political crowd day,1,1,1,0.0,1.0
CCC-recorded NYC political crowd days,2017-11-18,Political crowd day,1,4,2,3.5,0.5
CCC-recorded NYC political crowd days,2017-11-19,Political crowd day,1,1,4,1.75,-0.75
CCC-recorded NYC political crowd days,2017-11-20,Political crowd day,1,2,2,1.0,1.0
CCC-recorded NYC political crowd days,2017-11-21,Political crowd day,1,5,1,2.0,3.0
CCC-recorded NYC political crowd days,2017-11-22,Political crowd day,1,1,1,5.0,-4.0
CCC-recorded NYC political crowd days,2017-11-23,Political crowd day,1,1,1,0.0,1.0
CCC-recorded NYC political crowd days,2017-11-24,Political crowd day,1,3,4,1.25,1.75
CCC-recorded NYC political crowd days,2017-11-25,Political crowd day,1,1,1,5.0,-4.0
CCC-recorded NYC political crowd days,2017-11-27,Political crowd day,1,2,3,2.3333333333333335,-0.3333333333333335
CCC-recorded NYC political crowd days,2017-11-28,Political crowd day,1,1,1,2.0,-1.0
CCC-recorded NYC political crowd days,2017-12-02,Political crowd day,1,3,1,5.0,-2.0
CCC-recorded NYC political crowd days,2017-12-03,Political crowd day,1,3,4,1.75,1.25
CCC-recorded NYC political crowd days,2017-12-05,Political crowd day,1,0,1,2.0,-2.0
CCC-recorded NYC political crowd days,2017-12-08,Political crowd day,1,3,3,0.6666666666666666,2.3333333333333335
CCC-recorded NYC political crowd days,2017-12-09,Political crowd day,1,2,1,5.0,-3.0
CCC-recorded NYC political crowd days,2017-12-10,Political crowd day,1,2,4,1.75,0.25
CCC-recorded NYC political crowd days,2017-12-11,Political crowd day,1,1,2,3.5,-2.5
CCC-recorded NYC political crowd days,2017-12-12,Political crowd day,1,1,1,2.0,-1.0
CCC-recorded NYC political crowd days,2017-12-15,Political crowd day,1,3,2,1.0,2.0
CCC-recorded NYC political crowd days,2017-12-18,Political crowd day,1,3,2,3.5,-0.5
CCC-recorded NYC political crowd days,2017-12-19,Political crowd day,1,3,1,2.0,1.0
CCC-recorded NYC political crowd days,2017-12-22,Political crowd day,1,3,1,1.0,2.0
CCC-recorded NYC political crowd days,2017-12-29,Political crowd day,1,4,1,1.0,3.0
CCC-recorded NYC political crowd days,2018-01-03,Political crowd day,1,4,3,2.3333333333333335,1.6666666666666665
CCC-recorded NYC political crowd days,2018-01-05,Political crowd day,1,1,2,1.0,0.0
CCC-recorded NYC political crowd days,2018-01-07,Political crowd day,1,0,2,2.5,-2.5
CCC-recorded NYC political crowd days,2018-01-09,Political crowd day,1,3,2,2.5,0.5
CCC-recorded NYC political crowd days,2018-01-14,Political crowd day,1,5,2,2.5,2.5
CCC-recorded NYC political crowd days,2018-01-17,Political crowd day,1,0,3,2.3333333333333335,-2.3333333333333335
CCC-recorded NYC political crowd days,2018-01-19,Political crowd day,1,1,2,1.0,0.0
CCC-recorded NYC political crowd days,2018-01-20,Political crowd day,1,0,2,2.5,-2.5
CCC-recorded NYC political crowd days,2018-01-21,Political crowd day,1,2,3,2.0,0.0
CCC-recorded NYC political crowd days,2018-01-23,Political crowd day,1,2,2,2.5,-0.5
CCC-recorded NYC political crowd days,2018-01-26,Political crowd day,1,1,3,0.6666666666666666,0.33333333333333337
CCC-recorded NYC political crowd days,2018-01-27,Political crowd day,1,3,2,2.5,0.5
CCC-recorded NYC political crowd days,2018-01-30,Political crowd day,1,1,2,2.5,-1.5
CCC-recorded NYC political crowd days,2018-02-01,Political crowd day,1,0,1,0.0,0.0
CCC-recorded NYC political crowd days,2018-02-03,Political crowd day,1,0,2,2.5,-2.5
CCC-recorded NYC political crowd days,2018-02-06,Political crowd day,1,1,1,5.0,-4.0
CCC-recorded NYC political crowd days,2018-02-07,Political crowd day,1,0,4,2.0,-2.0
CCC-recorded NYC political crowd days,2018-02-08,Political crowd day,1,5,1,0.0,5.0
CCC-recorded NYC political crowd days,2018-02-09,Political crowd day,1,3,4,0.75,2.25
CCC-recorded NYC political crowd days,2018-02-10,Political crowd day,1,0,1,2.0,-2.0
CCC-recorded NYC political crowd days,2018-02-11,Political crowd day,1,0,4,1.75,-1.75
CCC-recorded NYC political crowd days,2018-02-13,Political crowd day,1,1,2,2.5,-1.5
CCC-recorded NYC political crowd days,2018-02-14,Political crowd day,1,0,3,2.3333333333333335,-2.3333333333333335
CCC-recorded NYC political crowd days,2018-02-15,Political crowd day,1,1,1,0.0,1.0
CCC-recorded NYC political crowd days,2018-02-16,Political crowd day,1,0,4,1.0,-1.0
CCC-recorded NYC political crowd days,2018-02-17,Political crowd day,1,2,1,3.0,-1.0
CCC-recorded NYC political crowd days,2018-02-19,Political crowd day,1,3,1,0.0,3.0
CCC-recorded NYC political crowd days,2018-02-20,Political crowd day,1,0,1,0.0,0.0
CCC-recorded NYC political crowd days,2018-02-21,Political crowd day,1,1,4,2.0,-1.0
CCC-recorded NYC political crowd days,2018-02-22,Political crowd day,1,1,1,0.0,1.0
CCC-recorded NYC political crowd days,2018-02-24,Political crowd day,1,2,1,3.0,-1.0
CCC-recorded NYC political crowd days,2018-02-25,Political crowd day,1,0,4,1.75,-1.75
CCC-recorded NYC political crowd days,2018-02-26,Political crowd day,1,1,2,0.5,0.5
CCC-recorded NYC political crowd days,2018-02-27,Political crowd day,1,3,1,0.0,3.0
CCC-recorded NYC political crowd days,2018-02-28,Political crowd day,1,4,3,1.3333333333333333,2.666666666666667
CCC-recorded NYC political crowd days,2018-03-03,Political crowd day,1,1,2,3.0,-2.0
CCC-recorded NYC political crowd days,2018-03-05,Political crowd day,1,3,3,0.3333333333333333,2.6666666666666665
CCC-recorded NYC political crowd days,2018-03-06,Political crowd day,1,2,1,0.0,2.0
CCC-recorded NYC political crowd days,2018-03-08,Political crowd day,1,1,1,0.0,1.0
CCC-recorded NYC political crowd days,2018-03-09,Political crowd day,1,2,4,1.5,0.5
CCC-recorded NYC political crowd days,2018-03-10,Political crowd day,1,2,2,3.0,-1.0
CCC-recorded NYC political crowd days,2018-03-11,Political crowd day,1,1,3,1.0,0.0
CCC-recorded NYC political crowd days,2018-03-12,Political crowd day,1,1,3,0.3333333333333333,0.6666666666666667
CCC-recorded NYC political crowd days,2018-03-14,Political crowd day,1,2,2,1.0,1.0
CCC-recorded NYC political crowd days,2018-03-15,Political crowd day,1,1,1,0.0,1.0
CCC-recorded NYC political crowd days,2018-03-18,Political crowd day,1,1,3,1.0,0.0
CCC-recorded NYC political crowd days,2018-03-20,Political crowd day,1,0,1,0.0,0.0
CCC-recorded NYC political crowd days,2018-03-22,Political crowd day,1,3,1,0.0,3.0
CCC-recorded NYC political crowd days,2018-03-23,Political crowd day,1,1,4,1.5,-0.5
CCC-recorded NYC political crowd days,2018-03-24,Political crowd day,1,4,3,2.3333333333333335,1.6666666666666665
CCC-recorded NYC political crowd days,2018-03-25,Political crowd day,1,2,2,1.0,1.0
CCC-recorded NYC political crowd days,2018-03-27,Political crowd day,1,0,1,0.0,0.0
CCC-recorded NYC political crowd days,2018-03-28,Political crowd day,1,2,2,1.0,1.0
CCC-recorded NYC political crowd days,2018-03-29,Political crowd day,1,1,1,0.0,1.0
CCC-recorded NYC political crowd days,2018-04-03,Political crowd day,1,1,1,0.0,1.0
CCC-recorded NYC political crowd days,2018-04-04,Political crowd day,1,1,2,1.0,0.0
CCC-recorded NYC political crowd days,2018-04-06,Political crowd day,1,0,2,2.5,-2.5
CCC-recorded NYC political crowd days,2018-04-07,Political crowd day,1,2,3,2.3333333333333335,-0.3333333333333335
CCC-recorded NYC political crowd days,2018-04-08,Political crowd day,1,0,2,2.5,-2.5
CCC-recorded NYC political crowd days,2018-04-09,Political crowd day,1,3,4,0.5,2.5
CCC-recorded NYC political crowd days,2018-04-10,Political crowd day,1,1,1,0.0,1.0
CCC-recorded NYC political crowd days,2018-04-11,Political crowd day,1,1,2,1.5,-0.5
CCC-recorded NYC political crowd days,2018-04-12,Political crowd day,1,2,1,1.0,1.0
CCC-recorded NYC political crowd days,2018-04-13,Political crowd day,1,4,2,2.5,1.5
CCC-recorded NYC political crowd days,2018-04-14,Political crowd day,1,3,3,2.3333333333333335,0.6666666666666665
CCC-recorded NYC political crowd days,2018-04-15,Political crowd day,1,1,3,2.3333333333333335,-1.3333333333333335
CCC-recorded NYC political crowd days,2018-04-16,Political crowd day,1,2,4,0.5,1.5
CCC-recorded NYC political crowd days,2018-04-18,Political crowd day,1,2,2,1.5,0.5
CCC-recorded NYC political crowd days,2018-04-19,Political crowd day,1,2,1,1.0,1.0
CCC-recorded NYC political crowd days,2018-04-20,Political crowd day,1,0,1,4.0,-4.0
CCC-recorded NYC political crowd days,2018-04-22,Political crowd day,1,2,3,2.3333333333333335,-0.3333333333333335
CCC-recorded NYC political crowd days,2018-04-23,Political crowd day,1,3,3,0.6666666666666666,2.3333333333333335
CCC-recorded NYC political crowd days,2018-04-25,Political crowd day,1,1,1,2.0,-1.0
CCC-recorded NYC political crowd days,2018-04-26,Political crowd day,1,1,2,1.5,-0.5
CCC-recorded NYC political crowd days,2018-04-27,Political crowd day,1,3,1,4.0,-1.0
CCC-recorded NYC political crowd days,2018-04-28,Political crowd day,1,1,3,2.3333333333333335,-1.3333333333333335
CCC-recorded NYC political crowd days,2018-04-29,Political crowd day,1,2,4,3.25,-1.25
CCC-recorded NYC political crowd days,2018-05-02,Political crowd day,1,4,1,2.0,2.0
CCC-recorded NYC political crowd days,2018-05-03,Political crowd day,1,1,2,1.5,-0.5
CCC-recorded NYC political crowd days,2018-05-05,Political crowd day,1,4,2,2.0,2.0
CCC-recorded NYC political crowd days,2018-05-07,Political crowd day,1,1,2,3.5,-2.5
CCC-recorded NYC political crowd days,2018-05-12,Political crowd day,1,1,2,2.0,-1.0
CCC-recorded NYC political crowd days,2018-05-14,Political crowd day,1,0,2,3.5,-3.5
CCC-recorded NYC political crowd days,2018-05-16,Political crowd day,1,2,1,2.0,0.0
CCC-recorded NYC political crowd days,2018-05-17,Political crowd day,1,2,2,1.5,0.5
CCC-recorded NYC political crowd days,2018-05-18,Political crowd day,1,1,1,0.0,1.0
CCC-recorded NYC political crowd days,2018-05-19,Political crowd day,1,3,2,2.0,1.0
CCC-recorded NYC political crowd days,2018-05-20,Political crowd day,1,4,4,4.5,-0.5
CCC-recorded NYC political crowd days,2018-05-21,Political crowd day,1,4,2,3.5,0.5
CCC-recorded NYC political crowd days,2018-05-23,Political crowd day,1,1,1,2.0,-1.0
CCC-recorded NYC political crowd days,2018-05-25,Political crowd day,1,4,1,0.0,4.0
CCC-recorded NYC political crowd days,2018-05-30,Political crowd day,1,2,2,1.5,0.5
CCC-recorded NYC political crowd days,2018-05-31,Political crowd day,1,0,2,1.5,-1.5
CCC-recorded NYC political crowd days,2018-06-01,Political crowd day,1,0,1,0.0,0.0
CCC-recorded NYC political crowd days,2018-06-02,Political crowd day,1,4,1,3.0,1.0
CCC-recorded NYC political crowd days,2018-06-03,Political crowd day,1,2,5,4.0,-2.0
CCC-recorded NYC political crowd days,2018-06-04,Political crowd day,1,0,3,2.6666666666666665,-2.6666666666666665
CCC-recorded NYC political crowd days,2018-06-05,Political crowd day,1,1,1,3.0,-2.0
CCC-recorded NYC political crowd days,2018-06-06,Political crowd day,1,1,2,1.5,-0.5
CCC-recorded NYC political crowd days,2018-06-07,Political crowd day,1,4,3,4.666666666666667,-0.666666666666667
CCC-recorded NYC political crowd days,2018-06-08,Political crowd day,1,2,2,1.5,0.5
CCC-recorded NYC political crowd days,2018-06-09,Political crowd day,1,4,2,2.0,2.0
CCC-recorded NYC political crowd days,2018-06-10,Political crowd day,1,1,5,4.4,-3.4000000000000004
CCC-recorded NYC political crowd days,2018-06-11,Political crowd day,1,2,3,2.6666666666666665,-0.6666666666666665
CCC-recorded NYC political crowd days,2018-06-12,Political crowd day,1,1,1,3.0,-2.0
CCC-recorded NYC political crowd days,2018-06-13,Political crowd day,1,4,1,1.0,3.0
CCC-recorded NYC political crowd days,2018-06-14,Political crowd day,1,2,3,4.333333333333333,-2.333333333333333
CCC-recorded NYC political crowd days,2018-06-16,Political crowd day,1,3,3,2.0,1.0
CCC-recorded NYC political crowd days,2018-06-18,Political crowd day,1,2,4,2.75,-0.75
CCC-recorded NYC political crowd days,2018-06-19,Political crowd day,1,4,1,3.0,1.0
CCC-recorded NYC political crowd days,2018-06-20,Political crowd day,1,1,1,1.0,0.0
CCC-recorded NYC political crowd days,2018-06-21,Political crowd day,1,4,4,3.5,0.5
CCC-recorded NYC political crowd days,2018-06-22,Political crowd day,1,3,4,2.25,0.75
CCC-recorded NYC political crowd days,2018-06-23,Political crowd day,1,4,3,2.0,2.0
CCC-recorded NYC political crowd days,2018-06-24,Political crowd day,1,4,6,4.666666666666667,-0.666666666666667
CCC-recorded NYC political crowd days,2018-06-26,Political crowd day,1,1,2,2.0,-1.0
CCC-recorded NYC political crowd days,2018-06-28,Political crowd day,1,2,3,4.0,-2.0
CCC-recorded NYC political crowd days,2018-06-29,Political crowd day,1,1,5,1.8,-0.8
CCC-recorded NYC political crowd days,2018-06-30,Political crowd day,1,5,2,1.5,3.5
CCC-recorded NYC political crowd days,2018-07-04,Political crowd day,1,1,2,1.5,-0.5
CCC-recorded NYC political crowd days,2018-07-09,Political crowd day,1,2,3,1.6666666666666667,0.33333333333333326
CCC-recorded NYC political crowd days,2018-07-10,Political crowd day,1,4,2,2.0,2.0
CCC-recorded NYC political crowd days,2018-07-11,Political crowd day,1,2,2,1.5,0.5
CCC-recorded NYC political crowd days,2018-07-17,Political crowd day,1,5,2,2.0,3.0
CCC-recorded NYC political crowd days,2018-07-18,Political crowd day,1,0,2,1.5,-1.5
CCC-recorded NYC political crowd days,2018-07-21,Political crowd day,1,2,4,3.0,-1.0
CCC-recorded NYC political crowd days,2018-07-23,Political crowd day,1,3,4,2.0,1.0
CCC-recorded NYC political crowd days,2018-07-26,Political crowd day,1,1,5,3.4,-2.4
CCC-recorded NYC political crowd days,2018-07-28,Political crowd day,1,6,5,3.0,3.0
CCC-recorded NYC political crowd days,2018-07-30,Political crowd day,1,1,4,2.0,-1.0
CCC-recorded NYC political crowd days,2018-07-31,Political crowd day,1,5,3,2.0,3.0
CCC-recorded NYC political crowd days,2018-08-01,Political crowd day,1,0,2,1.5,-1.5
CCC-recorded NYC political crowd days,2018-08-02,Political crowd day,1,1,6,3.0,-2.0
CCC-recorded NYC political crowd days,2018-08-03,Political crowd day,1,4,7,2.2857142857142856,1.7142857142857144
CCC-recorded NYC political crowd days,2018-08-06,Political crowd day,1,3,4,3.25,-0.25
CCC-recorded NYC political crowd days,2018-08-07,Political crowd day,1,1,3,2.3333333333333335,-1.3333333333333335
CCC-recorded NYC political crowd days,2018-08-08,Political crowd day,1,2,3,1.6666666666666667,0.33333333333333326
CCC-recorded NYC political crowd days,2018-08-10,Political crowd day,1,0,7,2.2857142857142856,-2.2857142857142856
CCC-recorded NYC political crowd days,2018-08-11,Political crowd day,1,5,6,2.6666666666666665,2.3333333333333335
CCC-recorded NYC political crowd days,2018-08-14,Political crowd day,1,1,4,1.75,-0.75
CCC-recorded NYC political crowd days,2018-08-15,Political crowd day,1,2,4,2.25,-0.25
CCC-recorded NYC political crowd days,2018-08-16,Political crowd day,1,2,4,1.75,0.25
CCC-recorded NYC political crowd days,2018-08-20,Political crowd day,1,2,4,3.25,-1.25
CCC-recorded NYC political crowd days,2018-08-22,Political crowd day,1,1,5,2.4,-1.4
CCC-recorded NYC political crowd days,2018-08-26,Political crowd day,1,4,7,3.857142857142857,0.1428571428571428
CCC-recorded NYC political crowd days,2018-08-28,Political crowd day,1,1,4,2.0,-1.0
CCC-recorded NYC political crowd days,2018-09-06,Political crowd day,1,2,4,2.25,-0.25
CCC-recorded NYC political crowd days,2018-09-10,Political crowd day,1,0,5,3.0,-3.0
CCC-recorded NYC political crowd days,2018-09-13,Political crowd day,1,2,4,1.75,0.25
CCC-recorded NYC political crowd days,2018-09-23,Political crowd day,1,2,5,1.0,1.0
CCC-recorded NYC political crowd days,2018-09-24,Political crowd day,1,2,5,3.2,-1.2000000000000002
CCC-recorded NYC political crowd days,2018-09-25,Political crowd day,1,1,5,2.4,-1.4
CCC-recorded NYC political crowd days,2018-09-27,Political crowd day,1,2,5,1.4,0.6000000000000001
CCC-recorded NYC political crowd days,2018-09-30,Political crowd day,1,1,5,1.0,0.0
CCC-recorded NYC political crowd days,2018-10-01,Political crowd day,1,4,4,3.75,0.25
CCC-recorded NYC political crowd days,2018-10-03,Political crowd day,1,5,5,2.8,2.2
CCC-recorded NYC political crowd days,2018-10-04,Political crowd day,1,3,4,1.5,1.5
CCC-recorded NYC political crowd days,2018-10-07,Political crowd day,1,3,5,2.0,1.0
CCC-recorded NYC political crowd days,2018-10-09,Political crowd day,1,2,5,1.8,0.19999999999999996
CCC-recorded NYC political crowd days,2018-10-10,Political crowd day,1,3,5,2.4,0.6000000000000001
CCC-recorded NYC political crowd days,2018-10-12,Political crowd day,1,0,7,3.4285714285714284,-3.4285714285714284
CCC-recorded NYC political crowd days,2018-10-13,Political crowd day,1,0,6,2.8333333333333335,-2.8333333333333335
CCC-recorded NYC political crowd days,2018-10-16,Political crowd day,1,2,4,2.25,-0.25
CCC-recorded NYC political crowd days,2018-10-22,Political crowd day,1,0,4,2.75,-2.75
CCC-recorded NYC political crowd days,2018-10-24,Political crowd day,1,1,3,1.6666666666666667,-0.6666666666666667
CCC-recorded NYC political crowd days,2018-10-27,Political crowd day,1,0,5,2.2,-2.2
CCC-recorded NYC political crowd days,2018-10-28,Political crowd day,1,3,5,2.2,0.7999999999999998
CCC-recorded NYC political crowd days,2018-10-29,Political crowd day,1,3,4,2.75,0.25
CCC-recorded NYC political crowd days,2018-10-30,Political crowd day,1,1,5,2.4,-1.4
CCC-recorded NYC political crowd days,2018-10-31,Political crowd day,1,5,3,1.3333333333333333,3.666666666666667
CCC-recorded NYC political crowd days,2018-11-01,Political crowd day,1,3,4,1.0,2.0
CCC-recorded NYC political crowd days,2018-11-02,Political crowd day,1,4,6,2.5,1.5
CCC-recorded NYC political crowd days,2018-11-03,Political crowd day,1,2,5,1.8,0.19999999999999996
CCC-recorded NYC political crowd days,2018-11-08,Political crowd day,1,0,5,1.2,-1.2
CCC-recorded NYC political crowd days,2018-11-13,Political crowd day,1,0,5,2.8,-2.8
CCC-recorded NYC political crowd days,2018-11-14,Political crowd day,1,2,3,1.3333333333333333,0.6666666666666667
CCC-recorded NYC political crowd days,2018-11-15,Political crowd day,1,2,5,1.0,1.0
CCC-recorded NYC political crowd days,2018-11-18,Political crowd day,1,1,5,2.4,-1.4
CCC-recorded NYC political crowd days,2018-11-19,Political crowd day,1,4,2,2.5,1.5
CCC-recorded NYC political crowd days,2018-11-21,Political crowd day,1,1,2,1.0,0.0
CCC-recorded NYC political crowd days,2018-11-24,Political crowd day,1,1,6,2.3333333333333335,-1.3333333333333335
CCC-recorded NYC political crowd days,2018-11-26,Political crowd day,1,2,2,2.5,-0.5
CCC-recorded NYC political crowd days,2018-11-29,Political crowd day,1,1,4,1.5,-0.5
CCC-recorded NYC political crowd days,2018-11-30,Political crowd day,1,0,4,1.25,-1.25
CCC-recorded NYC political crowd days,2018-12-02,Political crowd day,1,1,6,2.8333333333333335,-1.8333333333333335
CCC-recorded NYC political crowd days,2018-12-03,Political crowd day,1,4,3,2.3333333333333335,1.6666666666666665
CCC-recorded NYC political crowd days,2018-12-05,Political crowd day,1,3,3,1.6666666666666667,1.3333333333333333
CCC-recorded NYC political crowd days,2018-12-09,Political crowd day,1,2,5,2.0,0.0
CCC-recorded NYC political crowd days,2018-12-10,Political crowd day,1,2,2,2.5,-0.5
CCC-recorded NYC political crowd days,2018-12-11,Political crowd day,1,1,5,2.4,-1.4
CCC-recorded NYC political crowd days,2018-12-12,Political crowd day,1,2,2,2.5,-0.5
CCC-recorded NYC political crowd days,2018-12-14,Political crowd day,1,1,3,0.3333333333333333,0.6666666666666667
CCC-recorded NYC political crowd days,2018-12-17,Political crowd day,1,0,1,2.0,-2.0
CCC-recorded NYC political crowd days,2018-12-19,Political crowd day,1,0,2,2.5,-2.5
CCC-recorded NYC political crowd days,2018-12-21,Political crowd day,1,2,2,0.5,1.5
CCC-recorded NYC political crowd days,2018-12-24,Political crowd day,1,1,1,2.0,-1.0
CCC-recorded NYC political crowd days,2018-12-27,Political crowd day,1,0,3,1.6666666666666667,-1.6666666666666667
CCC-recorded NYC political crowd days,2018-12-28,Political crowd day,1,4,1,1.0,3.0
CCC-recorded NYC political crowd days,2019-01-07,Political crowd day,1,2,2,2.0,0.0
CCC-recorded NYC political crowd days,2019-01-10,Political crowd day,1,0,3,1.6666666666666667,-1.6666666666666667
CCC-recorded NYC political crowd days,2019-01-15,Political crowd day,1,0,4,2.0,-2.0
CCC-recorded NYC political crowd days,2019-01-17,Political crowd day,1,2,3,1.6666666666666667,0.33333333333333326
CCC-recorded NYC political crowd days,2019-01-19,Political crowd day,1,5,3,2.0,3.0
CCC-recorded NYC political crowd days,2019-01-21,Political crowd day,1,1,2,2.0,-1.0
CCC-recorded NYC political crowd days,2019-01-22,Political crowd day,1,0,5,1.8,-1.8
CCC-recorded NYC political crowd days,2019-01-26,Political crowd day,1,2,3,2.0,0.0
CCC-recorded NYC political crowd days,2019-02-01,Political crowd day,1,1,1,0.0,1.0
CCC-recorded NYC political crowd days,2019-02-02,Political crowd day,1,2,4,2.0,0.0
CCC-recorded NYC political crowd days,2019-02-03,Political crowd day,1,2,6,2.0,0.0
CCC-recorded NYC political crowd days,2019-02-04,Political crowd day,1,3,4,1.75,1.25
CCC-recorded NYC political crowd days,2019-02-05,Political crowd day,1,1,6,1.8333333333333333,-0.8333333333333333
CCC-recorded NYC political crowd days,2019-02-06,Political crowd day,1,2,6,0.6666666666666666,1.3333333333333335
CCC-recorded NYC political crowd days,2019-02-07,Political crowd day,1,0,4,1.0,-1.0
CCC-recorded NYC political crowd days,2019-02-08,Political crowd day,1,1,1,0.0,1.0
CCC-recorded NYC political crowd days,2019-02-09,Political crowd day,1,2,4,2.5,-0.5
CCC-recorded NYC political crowd days,2019-02-11,Political crowd day,1,2,4,1.75,0.25
CCC-recorded NYC political crowd days,2019-02-14,Political crowd day,1,1,5,0.8,0.19999999999999996
CCC-recorded NYC political crowd days,2019-02-15,Political crowd day,1,0,1,0.0,0.0
CCC-recorded NYC political crowd days,2019-02-17,Political crowd day,1,2,4,1.0,1.0
CCC-recorded NYC political crowd days,2019-02-18,Political crowd day,1,2,3,1.6666666666666667,0.33333333333333326
CCC-recorded NYC political crowd days,2019-02-20,Political crowd day,1,0,5,0.8,-0.8
CCC-recorded NYC political crowd days,2019-02-21,Political crowd day,1,0,5,0.8,-0.8
CCC-recorded NYC political crowd days,2019-02-22,Political crowd day,1,5,2,1.5,3.5
CCC-recorded NYC political crowd days,2019-02-23,Political crowd day,1,2,4,2.75,-0.75
CCC-recorded NYC political crowd days,2019-02-24,Political crowd day,1,2,3,1.0,1.0
CCC-recorded NYC political crowd days,2019-03-06,Political crowd day,1,1,5,0.8,0.19999999999999996
CCC-recorded NYC political crowd days,2019-03-08,Political crowd day,1,0,3,1.0,-1.0
CCC-recorded NYC political crowd days,2019-03-10,Political crowd day,1,2,4,2.75,-0.75
CCC-recorded NYC political crowd days,2019-03-11,Political crowd day,1,2,5,2.2,-0.20000000000000018
CCC-recorded NYC political crowd days,2019-03-12,Political crowd day,1,4,7,1.7142857142857142,2.2857142857142856
CCC-recorded NYC political crowd days,2019-03-13,Political crowd day,1,1,5,0.8,0.19999999999999996
CCC-recorded NYC political crowd days,2019-03-15,Political crowd day,1,2,4,0.75,1.25
CCC-recorded NYC political crowd days,2019-03-17,Political crowd day,1,3,4,3.5,-0.5
CCC-recorded NYC political crowd days,2019-03-18,Political crowd day,1,2,5,2.2,-0.20000000000000018
CCC-recorded NYC political crowd days,2019-03-21,Political crowd day,1,4,3,0.3333333333333333,3.6666666666666665
CCC-recorded NYC political crowd days,2019-03-23,Political crowd day,1,3,6,2.8333333333333335,0.16666666666666652
CCC-recorded NYC political crowd days,2019-03-24,Political crowd day,1,1,5,3.0,-2.0
CCC-recorded NYC political crowd days,2019-03-26,Political crowd day,1,1,7,2.142857142857143,-1.1428571428571428
CCC-recorded NYC political crowd days,2019-03-28,Political crowd day,1,1,4,0.25,0.75
CCC-recorded NYC political crowd days,2019-04-04,Political crowd day,1,2,3,0.0,2.0
CCC-recorded NYC political crowd days,2019-04-05,Political crowd day,1,0,5,1.0,-1.0
CCC-recorded NYC political crowd days,2019-04-10,Political crowd day,1,2,4,1.5,0.5
CCC-recorded NYC political crowd days,2019-04-11,Political crowd day,1,1,2,0.0,1.0
CCC-recorded NYC political crowd days,2019-04-13,Political crowd day,1,3,5,2.4,0.6000000000000001
CCC-recorded NYC political crowd days,2019-04-15,Political crowd day,1,1,5,2.2,-1.2000000000000002
CCC-recorded NYC political crowd days,2019-04-17,Political crowd day,1,1,4,1.5,-0.5
CCC-recorded NYC political crowd days,2019-04-18,Political crowd day,1,7,2,1.5,5.5
CCC-recorded NYC political crowd days,2019-04-29,Political crowd day,1,1,5,3.2,-2.2
CCC-recorded NYC political crowd days,2019-05-01,Political crowd day,1,0,3,2.0,-2.0
CCC-recorded NYC political crowd days,2019-05-02,Political crowd day,1,3,4,2.25,0.75
CCC-recorded NYC political crowd days,2019-05-03,Political crowd day,1,2,4,0.5,1.5
CCC-recorded NYC political crowd days,2019-05-04,Political crowd day,1,1,5,2.8,-1.7999999999999998
CCC-recorded NYC political crowd days,2019-05-08,Political crowd day,1,0,3,2.3333333333333335,-2.3333333333333335
CCC-recorded NYC political crowd days,2019-05-09,Political crowd day,1,2,4,2.25,-0.25
CCC-recorded NYC political crowd days,2019-05-11,Political crowd day,1,1,4,3.0,-2.0
CCC-recorded NYC political crowd days,2019-05-12,Political crowd day,1,0,6,2.6666666666666665,-2.6666666666666665
CCC-recorded NYC political crowd days,2019-05-13,Political crowd day,1,0,4,2.75,-2.75
CCC-recorded NYC political crowd days,2019-05-15,Political crowd day,1,1,3,2.3333333333333335,-1.3333333333333335
CCC-recorded NYC political crowd days,2019-05-17,Political crowd day,1,2,4,1.75,0.25
CCC-recorded NYC political crowd days,2019-05-19,Political crowd day,1,3,6,1.8333333333333333,1.1666666666666667
CCC-recorded NYC political crowd days,2019-05-20,Political crowd day,1,2,5,2.8,-0.7999999999999998
CCC-recorded NYC political crowd days,2019-05-21,Political crowd day,1,1,6,1.8333333333333333,-0.8333333333333333
CCC-recorded NYC political crowd days,2019-05-24,Political crowd day,1,4,4,1.5,2.5
CCC-recorded NYC political crowd days,2019-05-28,Political crowd day,1,5,6,2.1666666666666665,2.8333333333333335
CCC-recorded NYC political crowd days,2019-05-29,Political crowd day,1,1,3,2.0,-1.0
CCC-recorded NYC political crowd days,2019-05-31,Political crowd day,1,1,3,2.0,-1.0
CCC-recorded NYC political crowd days,2019-06-01,Political crowd day,1,7,3,3.6666666666666665,3.3333333333333335
CCC-recorded NYC political crowd days,2019-06-02,Political crowd day,1,2,4,2.5,-0.5
CCC-recorded NYC political crowd days,2019-06-06,Political crowd day,1,2,4,3.0,-1.0
CCC-recorded NYC political crowd days,2019-06-08,Political crowd day,1,4,4,3.25,0.75
CCC-recorded NYC political crowd days,2019-06-10,Political crowd day,1,2,3,3.6666666666666665,-1.6666666666666665
CCC-recorded NYC political crowd days,2019-06-11,Political crowd day,1,1,4,2.75,-1.75
CCC-recorded NYC political crowd days,2019-06-12,Political crowd day,1,5,4,1.75,3.25
CCC-recorded NYC political crowd days,2019-06-13,Political crowd day,1,2,4,3.0,-1.0
CCC-recorded NYC political crowd days,2019-06-14,Political crowd day,1,2,3,6.0,-4.0
CCC-recorded NYC political crowd days,2019-06-15,Political crowd day,1,2,5,3.6,-1.6
CCC-recorded NYC political crowd days,2019-06-22,Political crowd day,1,2,4,3.25,-1.25
CCC-recorded NYC political crowd days,2019-06-23,Political crowd day,1,6,6,3.8333333333333335,2.1666666666666665
CCC-recorded NYC political crowd days,2019-06-24,Political crowd day,1,3,3,3.6666666666666665,-0.6666666666666665
CCC-recorded NYC political crowd days,2019-06-26,Political crowd day,1,2,4,1.75,0.25
CCC-recorded NYC political crowd days,2019-06-27,Political crowd day,1,3,3,2.3333333333333335,0.6666666666666665
CCC-recorded NYC political crowd days,2019-06-28,Political crowd day,1,5,5,4.6,0.40000000000000036
CCC-recorded NYC political crowd days,2019-06-30,Political crowd day,1,4,6,4.166666666666667,-0.16666666666666696
CCC-recorded NYC political crowd days,2019-07-01,Political crowd day,1,2,3,3.0,-1.0
CCC-recorded NYC political crowd days,2019-07-02,Political crowd day,1,1,6,2.5,-1.5
CCC-recorded NYC political crowd days,2019-07-03,Political crowd day,1,1,4,1.75,-0.75
CCC-recorded NYC political crowd days,2019-07-04,Political crowd day,1,3,3,1.6666666666666667,1.3333333333333333
CCC-recorded NYC political crowd days,2019-07-08,Political crowd day,1,2,2,3.5,-1.5
CCC-recorded NYC political crowd days,2019-07-09,Political crowd day,1,1,6,2.3333333333333335,-1.3333333333333335
CCC-recorded NYC political crowd days,2019-07-11,Political crowd day,1,1,3,1.6666666666666667,-0.6666666666666667
CCC-recorded NYC political crowd days,2019-07-12,Political crowd day,1,3,6,3.0,0.0
CCC-recorded NYC political crowd days,2019-07-15,Political crowd day,1,3,3,3.3333333333333335,-0.3333333333333335
CCC-recorded NYC political crowd days,2019-07-18,Political crowd day,1,0,4,1.75,-1.75
CCC-recorded NYC political crowd days,2019-07-20,Political crowd day,1,1,7,3.4285714285714284,-2.4285714285714284
CCC-recorded NYC political crowd days,2019-07-22,Political crowd day,1,1,3,2.6666666666666665,-1.6666666666666665
CCC-recorded NYC political crowd days,2019-07-24,Political crowd day,1,5,3,1.6666666666666667,3.333333333333333
CCC-recorded NYC political crowd days,2019-07-31,Political crowd day,1,1,4,1.75,-0.75
CCC-recorded NYC political crowd days,2019-08-05,Political crowd day,1,4,5,4.0,0.0
CCC-recorded NYC political crowd days,2019-08-07,Political crowd day,1,0,4,1.75,-1.75
CCC-recorded NYC political crowd days,2019-08-08,Political crowd day,1,2,6,1.5,0.5
CCC-recorded NYC political crowd days,2019-08-11,Political crowd day,1,7,8,3.875,3.125
CCC-recorded NYC political crowd days,2019-08-21,Political crowd day,1,3,4,2.25,0.75
CCC-recorded NYC political crowd days,2019-09-04,Political crowd day,1,3,6,2.1666666666666665,0.8333333333333335
CCC-recorded NYC political crowd days,2019-09-09,Political crowd day,1,0,6,3.6666666666666665,-3.6666666666666665
CCC-recorded NYC political crowd days,2019-09-13,Political crowd day,1,2,6,3.3333333333333335,-1.3333333333333335
CCC-recorded NYC political crowd days,2019-09-16,Political crowd day,1,2,5,3.8,-1.7999999999999998
CCC-recorded NYC political crowd days,2019-09-20,Political crowd day,1,0,6,2.8333333333333335,-2.8333333333333335
CCC-recorded NYC political crowd days,2019-09-26,Political crowd day,1,3,7,1.8571428571428572,1.1428571428571428
CCC-recorded NYC political crowd days,2019-09-27,Political crowd day,1,4,6,2.8333333333333335,1.1666666666666665
CCC-recorded NYC political crowd days,2019-10-05,Political crowd day,1,4,6,2.3333333333333335,1.6666666666666665
CCC-recorded NYC political crowd days,2019-10-07,Political crowd day,1,2,3,2.3333333333333335,-0.3333333333333335
CCC-recorded NYC political crowd days,2019-10-10,Political crowd day,1,1,5,2.2,-1.2000000000000002
CCC-recorded NYC political crowd days,2019-10-14,Political crowd day,1,0,3,2.3333333333333335,-2.3333333333333335
CCC-recorded NYC political crowd days,2019-10-15,Political crowd day,1,1,7,1.8571428571428572,-0.8571428571428572
CCC-recorded NYC political crowd days,2019-10-19,Political crowd day,1,1,5,2.2,-1.2000000000000002
CCC-recorded NYC political crowd days,2019-10-23,Political crowd day,1,2,6,2.0,0.0
CCC-recorded NYC political crowd days,2019-10-28,Political crowd day,1,4,3,0.6666666666666666,3.3333333333333335
CCC-recorded NYC political crowd days,2019-10-30,Political crowd day,1,1,6,2.6666666666666665,-1.6666666666666665
CCC-recorded NYC political crowd days,2019-10-31,Political crowd day,1,3,5,2.6,0.3999999999999999
CCC-recorded NYC political crowd days,2019-11-01,Political crowd day,1,1,4,2.0,-1.0
CCC-recorded NYC political crowd days,2019-11-02,Political crowd day,1,5,4,2.25,2.75
CCC-recorded NYC political crowd days,2019-11-04,Political crowd day,1,2,2,0.5,1.5
CCC-recorded NYC political crowd days,2019-11-07,Political crowd day,1,0,4,2.25,-2.25
CCC-recorded NYC political crowd days,2019-11-08,Political crowd day,1,0,3,2.0,-2.0
CCC-recorded NYC political crowd days,2019-11-11,Political crowd day,1,0,2,0.5,-0.5
CCC-recorded NYC political crowd days,2019-11-12,Political crowd day,1,1,4,1.5,-0.5
CCC-recorded NYC political crowd days,2019-11-13,Political crowd day,1,2,5,2.6,-0.6000000000000001
CCC-recorded NYC political crowd days,2019-11-15,Political crowd day,1,2,3,1.3333333333333333,0.6666666666666667
CCC-recorded NYC political crowd days,2019-11-16,Political crowd day,1,1,4,2.0,-1.0
CCC-recorded NYC political crowd days,2019-11-21,Political crowd day,1,2,5,2.2,-0.20000000000000018
CCC-recorded NYC political crowd days,2019-11-22,Political crowd day,1,0,3,1.3333333333333333,-1.3333333333333333
CCC-recorded NYC political crowd days,2019-11-25,Political crowd day,1,1,2,2.0,-1.0
CCC-recorded NYC political crowd days,2019-11-26,Political crowd day,1,1,4,1.5,-0.5
CCC-recorded NYC political crowd days,2019-11-29,Political crowd day,1,2,3,1.3333333333333333,0.6666666666666667
CCC-recorded NYC political crowd days,2019-11-30,Political crowd day,1,1,5,2.0,-1.0
CCC-recorded NYC political crowd days,2019-12-02,Political crowd day,1,2,3,2.0,0.0
CCC-recorded NYC political crowd days,2019-12-03,Political crowd day,1,2,3,1.3333333333333333,0.6666666666666667
CCC-recorded NYC political crowd days,2019-12-05,Political crowd day,1,1,5,1.8,-0.8
CCC-recorded NYC political crowd days,2019-12-06,Political crowd day,1,3,3,1.3333333333333333,1.6666666666666667
CCC-recorded NYC political crowd days,2019-12-08,Political crowd day,1,1,5,2.4,-1.4
CCC-recorded NYC political crowd days,2019-12-09,Political crowd day,1,0,3,2.0,-2.0
CCC-recorded NYC political crowd days,2019-12-10,Political crowd day,1,3,2,1.0,2.0
CCC-recorded NYC political crowd days,2019-12-11,Political crowd day,1,1,4,3.25,-2.25
CCC-recorded NYC political crowd days,2019-12-14,Political crowd day,1,1,4,2.5,-1.5
CCC-recorded NYC political crowd days,2019-12-15,Political crowd day,1,2,4,1.75,0.25
CCC-recorded NYC political crowd days,2019-12-16,Political crowd day,1,2,3,2.0,0.0
CCC-recorded NYC political crowd days,2019-12-17,Political crowd day,1,0,2,1.0,-1.0
CCC-recorded NYC political crowd days,2019-12-18,Political crowd day,1,2,4,3.25,-1.25
CCC-recorded NYC political crowd days,2019-12-29,Political crowd day,1,1,2,2.0,-1.0
CCC-recorded NYC political crowd days,2019-12-31,Political crowd day,1,2,1,1.0,1.0
CCC-recorded NYC political crowd days,2020-01-04,Political crowd day,1,3,2,3.0,0.0
CCC-recorded NYC political crowd days,2020-01-05,Political crowd day,1,3,2,1.5,1.5
CCC-recorded NYC political crowd days,2020-01-06,Political crowd day,1,1,1,1.0,0.0
CCC-recorded NYC political crowd days,2020-01-09,Political crowd day,1,2,2,3.0,-1.0
CCC-recorded NYC political crowd days,2020-01-11,Political crowd day,1,5,2,3.0,2.0
CCC-recorded NYC political crowd days,2020-01-12,Political crowd day,1,3,3,2.0,1.0
CCC-recorded NYC political crowd days,2020-01-13,Political crowd day,1,3,2,1.0,2.0
CCC-recorded NYC political crowd days,2020-01-15,Political crowd day,1,2,5,1.6,0.3999999999999999
CCC-recorded NYC political crowd days,2020-01-16,Political crowd day,1,2,3,2.3333333333333335,-0.3333333333333335
CCC-recorded NYC political crowd days,2020-01-18,Political crowd day,1,3,2,3.0,0.0
CCC-recorded NYC political crowd days,2020-01-20,Political crowd day,1,2,3,1.3333333333333333,0.6666666666666667
CCC-recorded NYC political crowd days,2020-01-22,Political crowd day,1,1,6,1.6666666666666667,-0.6666666666666667
CCC-recorded NYC political crowd days,2020-01-23,Political crowd day,1,3,3,2.3333333333333335,0.6666666666666665
CCC-recorded NYC political crowd days,2020-01-24,Political crowd day,1,1,4,1.5,-0.5
CCC-recorded NYC political crowd days,2020-01-26,Political crowd day,1,3,5,1.6,1.4
CCC-recorded NYC political crowd days,2020-01-27,Political crowd day,1,1,4,1.5,-0.5
CCC-recorded NYC political crowd days,2020-01-31,Political crowd day,1,0,4,1.5,-1.5
CCC-recorded NYC political crowd days,2020-02-06,Political crowd day,1,0,3,1.3333333333333333,-1.3333333333333333
CCC-recorded NYC political crowd days,2020-02-07,Political crowd day,1,1,3,1.6666666666666667,-0.6666666666666667
CCC-recorded NYC political crowd days,2020-02-08,Political crowd day,1,5,3,2.3333333333333335,2.6666666666666665
CCC-recorded NYC political crowd days,2020-02-11,Political crowd day,1,1,7,1.8571428571428572,-0.8571428571428572
CCC-recorded NYC political crowd days,2020-02-14,Political crowd day,1,2,3,2.0,0.0
CCC-recorded NYC political crowd days,2020-02-15,Political crowd day,1,0,4,3.0,-3.0
CCC-recorded NYC political crowd days,2020-02-18,Political crowd day,1,3,7,1.7142857142857142,1.2857142857142858
CCC-recorded NYC political crowd days,2020-02-20,Political crowd day,1,0,5,1.2,-1.2
CCC-recorded NYC political crowd days,2020-02-22,Political crowd day,1,1,4,3.0,-2.0
CCC-recorded NYC political crowd days,2020-02-28,Political crowd day,1,1,3,3.0,-2.0
CCC-recorded NYC political crowd days,2020-03-01,Political crowd day,1,1,7,2.2857142857142856,-1.2857142857142856
CCC-recorded NYC political crowd days,2020-03-04,Political crowd day,1,2,8,1.25,0.75
CCC-recorded NYC political crowd days,2020-03-05,Political crowd day,1,2,6,1.3333333333333333,0.6666666666666667
CCC-recorded NYC political crowd days,2020-03-06,Political crowd day,1,1,4,2.25,-1.25
CCC-recorded NYC political crowd days,2020-03-07,Political crowd day,1,2,2,3.0,-1.0
CCC-recorded NYC political crowd days,2020-03-09,Political crowd day,1,4,6,1.1666666666666667,2.833333333333333
CCC-recorded NYC political crowd days,2020-03-20,Political crowd day,1,4,5,2.4,1.6
CCC-recorded NYC political crowd days,2020-03-21,Political crowd day,1,5,4,3.0,2.0
CCC-recorded NYC political crowd days,2020-03-22,Political crowd day,1,1,7,2.0,-1.0
CCC-recorded NYC political crowd days,2020-03-28,Political crowd day,1,1,5,3.0,-2.0
CCC-recorded NYC political crowd days,2020-03-30,Political crowd day,1,1,6,1.6666666666666667,-0.6666666666666667
CCC-recorded NYC political crowd days,2020-04-04,Political crowd day,1,1,5,3.4,-2.4
CCC-recorded NYC political crowd days,2020-04-06,Political crowd day,1,5,6,1.8333333333333333,3.166666666666667
CCC-recorded NYC political crowd days,2020-04-14,Political crowd day,1,2,8,1.0,1.0
CCC-recorded NYC political crowd days,2020-04-16,Political crowd day,1,1,6,1.5,-0.5
CCC-recorded NYC political crowd days,2020-04-17,Political crowd day,1,1,5,1.6,-0.6000000000000001
CCC-recorded NYC political crowd days,2020-04-23,Political crowd day,1,0,5,1.6,-1.6
CCC-recorded NYC political crowd days,2020-05-01,Political crowd day,1,1,5,1.8,-0.8
CCC-recorded NYC political crowd days,2020-05-03,Political crowd day,1,5,6,2.3333333333333335,2.6666666666666665
CCC-recorded NYC political crowd days,2020-05-07,Political crowd day,1,3,3,2.0,1.0
CCC-recorded NYC political crowd days,2020-05-15,Political crowd day,1,7,3,2.0,5.0
CCC-recorded NYC political crowd days,2020-05-16,Political crowd day,1,7,5,2.2,4.8
CCC-recorded NYC political crowd days,2020-05-19,Political crowd day,1,4,5,2.0,2.0
CCC-recorded NYC political crowd days,2020-05-21,Political crowd day,1,4,2,2.5,1.5
CCC-recorded NYC political crowd days,2020-05-24,Political crowd day,1,4,3,3.3333333333333335,0.6666666666666665
CCC-recorded NYC political crowd days,2020-05-25,Political crowd day,1,3,4,2.0,1.0
CCC-recorded NYC political crowd days,2020-05-27,Political crowd day,1,0,4,2.75,-2.75
CCC-recorded NYC political crowd days,2020-05-28,Political crowd day,1,1,2,2.5,-1.5
CCC-recorded NYC political crowd days,2020-05-29,Political crowd day,1,3,2,2.5,0.5
CCC-recorded NYC political crowd days,2020-05-30,Political crowd day,1,7,3,2.3333333333333335,4.666666666666666
CCC-recorded NYC political crowd days,2020-05-31,Political crowd day,1,5,2,4.5,0.5
CCC-recorded NYC political crowd days,2020-06-01,Political crowd day,1,9,3,1.6666666666666667,7.333333333333333
CCC-recorded NYC political crowd days,2020-06-02,Political crowd day,1,8,3,3.3333333333333335,4.666666666666666
CCC-recorded NYC political crowd days,2020-06-03,Political crowd day,1,4,3,2.6666666666666665,1.3333333333333335
CCC-recorded NYC political crowd days,2020-06-04,Political crowd day,1,2,1,2.0,0.0
CCC-recorded NYC political crowd days,2020-06-05,Political crowd day,1,6,2,2.5,3.5
CCC-recorded NYC political crowd days,2020-06-06,Political crowd day,1,6,2,2.0,4.0
CCC-recorded NYC political crowd days,2020-06-07,Political crowd day,1,4,2,4.5,-0.5
CCC-recorded NYC political crowd days,2020-06-08,Political crowd day,1,5,2,2.0,3.0
CCC-recorded NYC political crowd days,2020-06-09,Political crowd day,1,3,2,3.5,-0.5
CCC-recorded NYC political crowd days,2020-06-10,Political crowd day,1,2,2,3.5,-1.5
CCC-recorded NYC political crowd days,2020-06-11,Political crowd day,1,3,1,2.0,1.0
CCC-recorded NYC political crowd days,2020-06-12,Political crowd day,1,5,1,4.0,1.0
CCC-recorded NYC political crowd days,2020-06-13,Political crowd day,1,6,1,3.0,3.0
CCC-recorded NYC political crowd days,2020-06-14,Political crowd day,1,9,1,6.0,3.0
CCC-recorded NYC political crowd days,2020-06-15,Political crowd day,1,7,1,1.0,6.0
CCC-recorded NYC political crowd days,2020-06-16,Political crowd day,1,4,1,5.0,-1.0
CCC-recorded NYC political crowd days,2020-06-17,Political crowd day,1,8,1,3.0,5.0
CCC-recorded NYC political crowd days,2020-06-19,Political crowd day,1,8,1,4.0,4.0
CCC-recorded NYC political crowd days,2020-06-20,Political crowd day,1,15,1,3.0,12.0
CCC-recorded NYC political crowd days,2020-06-23,Political crowd day,1,10,1,5.0,5.0
CCC-recorded NYC political crowd days,2023-05-01,Political crowd day,1,2,1,2.0,0.0
CCC-recorded NYC political crowd days,2023-05-08,Political crowd day,1,1,1,2.0,-1.0
CCC-recorded NYC political crowd days,2023-05-15,Political crowd day,1,5,1,2.0,3.0
CCC-recorded NYC political crowd days,2023-05-22,Political crowd day,1,3,1,2.0,1.0
CCC-recorded NYC political crowd days,2023-06-05,Political crowd day,1,0,1,2.0,-2.0
CCC-recorded NYC political crowd days,2023-06-12,Political crowd day,1,1,1,2.0,-1.0
CCC-recorded NYC political crowd days,2023-06-19,Political crowd day,1,10,1,2.0,8.0
CCC-recorded NYC political crowd days,2023-06-26,Political crowd day,1,3,1,2.0,1.0
CCC-recorded NYC political crowd days,2023-07-10,Political crowd day,1,3,1,1.0,2.0
CCC-recorded NYC political crowd days,2023-07-17,Political crowd day,1,3,1,1.0,2.0
CCC-recorded NYC political crowd days,2023-07-24,Political crowd day,1,4,2,2.5,1.5
CCC-recorded NYC political crowd days,2023-07-31,Political crowd day,1,5,2,2.5,2.5
CCC-recorded NYC political crowd days,2023-08-14,Political crowd day,1,3,2,2.5,0.5
CCC-recorded NYC political crowd days,2023-08-28,Political crowd day,1,1,3,3.0,-2.0
CCC-recorded NYC political crowd days,2023-09-04,Political crowd day,1,9,3,3.0,6.0
CCC-recorded NYC political crowd days,2023-09-11,Political crowd day,1,0,2,4.0,-4.0
CCC-recorded NYC political crowd days,2023-09-18,Political crowd day,1,3,2,4.0,-1.0
CCC-recorded NYC political crowd days,2023-10-02,Political crowd day,1,5,2,3.0,2.0
CCC-recorded NYC political crowd days,2023-10-09,Political crowd day,1,3,2,3.0,0.0
CCC-recorded NYC political crowd days,2023-10-16,Political crowd day,1,2,2,3.0,-1.0
CCC-recorded NYC political crowd days,2023-10-23,Political crowd day,1,2,2,3.0,-1.0
CCC-recorded NYC political crowd days,2023-11-06,Political crowd day,1,0,1,2.0,-2.0
CCC-recorded NYC political crowd days,2023-11-13,Political crowd day,1,2,1,2.0,0.0
CCC-recorded NYC political crowd days,2023-11-20,Political crowd day,1,3,1,2.0,1.0
CCC-recorded NYC political crowd days,2023-11-27,Political crowd day,1,0,1,2.0,-2.0
CCC-recorded NYC political crowd days,2025-01-18,Political crowd day,1,1,1,1.0,0.0
CCC-recorded NYC political crowd days,2025-01-25,Political crowd day,1,1,1,1.0,0.0
CCC-recorded NYC political crowd days,2025-02-01,Political crowd day,1,3,1,1.0,2.0
CCC-recorded NYC political crowd days,2025-02-08,Political crowd day,1,2,1,1.0,1.0
CCC-recorded NYC political crowd days,2025-02-22,Political crowd day,1,2,1,1.0,1.0
CCC-recorded NYC political crowd days,2025-03-01,Political crowd day,1,1,1,1.0,0.0
CCC-recorded NYC political crowd days,2025-03-08,Political crowd day,1,1,1,1.0,0.0
CCC-recorded NYC political crowd days,2025-03-15,Political crowd day,1,0,1,1.0,-1.0
CCC-recorded NYC political crowd days,2025-11-29,Political crowd day,1,2,1,2.0,0.0
CCC-recorded NYC political crowd days,2025-11-30,Political crowd day,1,4,1,0.0,4.0
CCC-recorded NYC political crowd days,2025-12-06,Political crowd day,1,2,1,2.0,0.0
CCC-recorded NYC political crowd days,2025-12-07,Political crowd day,1,2,1,0.0,2.0
CCC-recorded NYC political crowd days,2025-12-13,Political crowd day,1,2,1,2.0,0.0
CCC-recorded NYC political crowd days,2025-12-14,Political crowd day,1,2,1,0.0,2.0
CCC-recorded NYC political crowd days,2025-12-20,Political crowd day,1,1,1,2.0,-1.0
CCC-recorded NYC political crowd days,2025-12-21,Political crowd day,1,2,1,0.0,2.0
